curve,angle_deg,distortion,scale_q16
infrared,0,0,65536
infrared,0.93,6.49904E-05,65540
infrared,1.86,0.0001307468,65545
infrared,2.79,0.0001971913,65549
infrared,3.72,0.0002642795,65553
infrared,4.65,0.000331936,65558
infrared,5.58,0.0004000546,65562
infrared,6.51,0.0004684986,65567
infrared,7.44,0.0005371009,65571
infrared,8.37,0.0006056646,65576
infrared,9.3,0.0006739634,65580
infrared,10.23,0.0007417423,65585
infrared,11.16,0.0008087176,65589
infrared,12.09,0.0008745786,65593
infrared,13.02,0.0009389874,65598
infrared,13.95,0.0010015805,65602
infrared,14.88,0.0010619691,65606
infrared,15.81,0.0011197405,65609
infrared,16.74,0.001174459,65613
infrared,17.67,0.0012256671,65616
infrared,18.6,0.0012728865,65619
infrared,19.53,0.0013156196,65622
infrared,20.46,0.0013533506,65625
infrared,21.39,0.001385547,65627
infrared,22.32,0.0014116607,65629
infrared,23.25,0.0014311301,65630
infrared,24.18,0.001443381,65631
infrared,25.11,0.0014478284,65631
infrared,26.04,0.001443878,65631
infrared,26.97,0.0014309278,65630
infrared,27.9,0.00140837,65628
infrared,28.83,0.0013755921,65626
infrared,29.76,0.0013319792,65623
infrared,30.69,0.001276915,65620
infrared,31.62,0.0012097842,65615
infrared,32.55,0.0011299733,65610
infrared,33.48,0.0010368731,65604
infrared,34.41,0.0009298798,65597
infrared,35.34,0.0008083964,65589
infrared,36.27,0.0006718348,65580
infrared,37.2,0.0005196171,65570
infrared,38.13,0.0003511766,65559
infrared,39.06,0.00016596,65547
infrared,39.99,-3.6572E-05,65534
infrared,40.92,-0.0002569432,65519
infrared,41.85,-0.0004956607,65504
infrared,42.78,-0.0007532137,65487
infrared,43.71,-0.0010300729,65468
infrared,44.64,-0.0013266894,65449
infrared,45.57,-0.0016434938,65428
infrared,46.5,-0.0019808958,65406
infrared,47.43,-0.0023392836,65383
infrared,48.36,-0.0027190236,65358
infrared,49.29,-0.0031204598,65331
infrared,50.22,-0.003543914,65304
infrared,51.15,-0.0039896858,65275
infrared,52.08,-0.0044580525,65244
infrared,53.01,-0.0049492696,65212
infrared,53.94,-0.0054635714,65178
infrared,54.87,-0.0060011711,65143
infrared,55.8,-0.0065622623,65106
infrared,56.73,-0.0071470191,65068
infrared,57.66,-0.0077555978,65028
infrared,58.59,-0.0083881379,64986
infrared,59.52,-0.0090447636,64943
infrared,60.45,-0.009725585,64899
infrared,61.38,-0.0104307004,64852
infrared,62.31,-0.0111601976,64805
infrared,63.24,-0.0119141561,64755
infrared,64.17,-0.0126926496,64704
infrared,65.1,-0.0134957478,64652
infrared,66.03,-0.0143235191,64597
infrared,66.96,-0.0151760331,64541
infrared,67.89,-0.0160533635,64484
infrared,68.82,-0.0169555908,64425
infrared,69.75,-0.0178828053,64364
infrared,70.68,-0.0188351103,64302
infrared,71.61,-0.0198126252,64238
infrared,72.54,-0.0208154888,64172
infrared,73.47,-0.0218438628,64104
infrared,74.4,-0.0228979352,64035
infrared,75.33,-0.023977924,63965
infrared,76.26,-0.0250840808,63892
infrared,77.19,-0.0262166944,63818
infrared,78.12,-0.0273760947,63742
infrared,79.05,-0.0285626565,63664
infrared,79.98,-0.0297768032,63585
infrared,80.91,-0.0310190108,63503
infrared,81.84,-0.0322898117,63420
infrared,82.77,-0.0335897985,63335
infrared,83.7,-0.0349196281,63248
infrared,84.63,-0.0362800252,63158
infrared,85.56,-0.0376717867,63067
infrared,86.49,-0.0390957852,62974
infrared,87.42,-0.0405529732,62878
infrared,88.35,-0.042044387,62781
infrared,89.28,-0.0435711513,62681
infrared,90.21,-0.0451344833,62578
infrared,91.14,-0.0467356981,62473
infrared,92.07,-0.0483762136,62366
infrared,93,-0.0500575574,62255
laser,0,0,65536
laser,0.93,-3.1559E-06,65536
laser,1.86,-1.55192E-05,65535
laser,2.79,-3.61214E-05,65534
laser,3.72,-6.49574E-05,65532
laser,4.65,-0.0001020199,65529
laser,5.58,-0.0001472999,65526
laser,6.51,-0.000200786,65523
laser,7.44,-0.0002624651,65519
laser,8.37,-0.0003323218,65514
laser,9.3,-0.0004103387,65509
laser,10.23,-0.0004964964,65503
laser,11.16,-0.0005907736,65497
laser,12.09,-0.0006931465,65491
laser,13.02,-0.0008035898,65483
laser,13.95,-0.0009220757,65476
laser,14.88,-0.0010485745,65467
laser,15.81,-0.0011830545,65458
laser,16.74,-0.0013254819,65449
laser,17.67,-0.0014758208,65439
laser,18.6,-0.0016340331,65429
laser,19.53,-0.0018000788,65418
laser,20.46,-0.0019739158,65407
laser,21.39,-0.0021554997,65395
laser,22.32,-0.0023447842,65382
laser,23.25,-0.0025417209,65369
laser,24.18,-0.0027462591,65356
laser,25.11,-0.0029583461,65342
laser,26.04,-0.0031779271,65328
laser,26.97,-0.003404945,65313
laser,27.9,-0.0036393407,65297
laser,28.83,-0.0038810528,65282
laser,29.76,-0.0041300178,65265
laser,30.69,-0.0043861701,65249
laser,31.62,-0.0046494415,65231
laser,32.55,-0.0049197621,65214
laser,33.48,-0.0051970594,65195
laser,34.41,-0.0054812587,65177
laser,35.34,-0.005772283,65158
laser,36.27,-0.0060700531,65138
laser,37.2,-0.0063744873,65118
laser,38.13,-0.0066855017,65098
laser,39.06,-0.0070030099,65077
laser,39.99,-0.0073269231,65056
laser,40.92,-0.0076571502,65034
laser,41.85,-0.0079935972,65012
laser,42.78,-0.0083361681,64990
laser,43.71,-0.008684764,64967
laser,44.64,-0.0090392834,64944
laser,45.57,-0.0093996221,64920
laser,46.5,-0.0097656735,64896
laser,47.43,-0.0101373277,64872
laser,48.36,-0.0105144725,64847
laser,49.29,-0.0108969923,64822
laser,50.22,-0.0112847689,64796
laser,51.15,-0.0116776808,64771
laser,52.08,-0.0120756034,64745
laser,53.01,-0.0124784089,64718
laser,53.94,-0.0128859661,64692
laser,54.87,-0.0132981404,64664
laser,55.8,-0.0137147935,64637
laser,56.73,-0.0141357837,64610
laser,57.66,-0.0145609651,64582
laser,58.59,-0.0149901879,64554
laser,59.52,-0.0154232984,64525
laser,60.45,-0.0158601381,64497
laser,61.38,-0.0163005445,64468
laser,62.31,-0.0167443499,64439
laser,63.24,-0.0171913819,64409
laser,64.17,-0.017641463,64380
laser,65.1,-0.01809441,64350
laser,66.03,-0.0185500341,64320
laser,66.96,-0.0190081404,64290
laser,67.89,-0.0194685276,64260
laser,68.82,-0.0199309878,64230
laser,69.75,-0.0203953058,64199
laser,70.68,-0.0208612588,64169
laser,71.61,-0.0213286163,64138
laser,72.54,-0.021797139,64108
laser,73.47,-0.0222665786,64077
laser,74.4,-0.0227366772,64046
laser,75.33,-0.0232071667,64015
laser,76.26,-0.0236777679,63984
laser,77.19,-0.02414819,63953
laser,78.12,-0.0246181296,63923
laser,79.05,-0.0250872699,63892
laser,79.98,-0.0255552799,63861
laser,80.91,-0.026021813,63831
laser,81.84,-0.026486506,63800
laser,82.77,-0.0269489781,63770
laser,83.7,-0.0274088292,63740
laser,84.63,-0.0278656388,63710
laser,85.56,-0.0283189638,63680
laser,86.49,-0.0287683375,63651
laser,87.42,-0.029213267,63621
laser,88.35,-0.0296532315,63593
laser,89.28,-0.0300876798,63564
laser,90.21,-0.0305160271,63536
laser,91.14,-0.0309376562,63508
laser,92.07,-0.031351906,63481
laser,93,-0.0317580769,63455
